epoch,step,train_loss_epoch,val_MAE,val_MAPE,val_RMSE,val_SMAPE,val_loss
0,7,,0.2902752757072449,187822.734375,0.3243654668331146,1.979026198387146,0.1288183629512787
0,7,0.22564560174942017,,,,,
1,15,,0.15950781106948853,156387.1875,0.19025790691375732,1.978796124458313,0.07772254943847656
1,15,0.10031149536371231,,,,,
2,23,,0.0920225977897644,63024.15234375,0.10470258444547653,1.9888542890548706,0.03830987587571144
2,23,0.05776844918727875,,,,,
