epoch,step,val_MAE,val_MAPE,val_RMSE,val_SMAPE,val_loss
0,6,0.05025838688015938,3362.564453125,0.05502709746360779,1.9234508275985718,0.05562339723110199
