epoch,step,train_loss_epoch,val_MAE,val_MAPE,val_RMSE,val_SMAPE,val_loss
0,6,,0.20106694102287292,195643.9375,0.21696197986602783,1.9897832870483398,0.10101261734962463
0,6,0.20331574976444244,,,,,
1,13,,0.1273949295282364,121941.2890625,0.14030633866786957,1.9811992645263672,0.0619681291282177
1,13,0.08938326686620712,,,,,
2,20,,0.05073901265859604,51589.21875,0.05570555850863457,1.973604440689087,0.03484721854329109
2,20,0.05432955548167229,,,,,
